{"cameraMode":{"drawMode":0,"name":"Shaded","section":"Shading Mode"},"sceneLighting":true,"audioPlay":false,"sceneViewState":{"showFog":true,"showMaterialUpdate":false,"showSkybox":true,"showFlares":true,"showImageEffects":true,"showParticleSystems":true},"in2DMode":false,"pivot":{"x":5.8102030754089359,"y":-1.8257074356079102,"z":6.898041248321533},"rotation":{"x":0.4312672019004822,"y":-0.0016959039494395257,"z":0.002110861474648118,"w":0.9024354219436646},"size":7.184345245361328,"orthographic":false}