{"cameraMode":{"drawMode":0,"name":"Shaded","section":"Shading Mode"},"sceneLighting":true,"audioPlay":false,"sceneViewState":{"showFog":true,"showMaterialUpdate":false,"showSkybox":true,"showFlares":true,"showImageEffects":true,"showParticleSystems":true},"in2DMode":false,"pivot":{"x":4.556159019470215,"y":-1.105961799621582,"z":6.202954292297363},"rotation":{"x":0.3624429404735565,"y":0.003210016991943121,"z":0.0000681132369209081,"w":0.9322114586830139},"size":7.379428863525391,"orthographic":false}